timestamp,traffic,latency,packet_loss
2024-01-01 07:34:00,905.9427932216736,323.2917860963425,26.277454148973362
2024-01-01 02:37:00,946.477689319511,325.41924804368784,26.474579407455458
2025-01-07 18:45:52,984.8215431822559,337.8567291832019,28.437550439872936
2024-01-01 05:57:00,995.0359951951017,391.8662881601085,23.249227944066412
2024-01-01 01:41:00,966.6408713193349,450.42573990871426,26.872955625825178
2024-01-01 06:36:00,860.603501396406,481.1077675857802,29.61615807046166
2024-01-01 09:18:00,993.3095033104165,467.0745060568492,27.30243334357868
2024-01-01 07:54:00,925.6239062487143,339.37757435513674,24.898704767177446
2024-01-01 05:06:00,986.128495270392,388.23011044612645,26.30717444491929
2024-01-01 00:36:00,935.2210051628704,339.882319551707,27.39682897763108
2024-01-01 00:06:00,861.4477923695441,352.89436333343815,26.122757656938724
2024-01-01 03:15:00,874.0049048285632,400.70939630237723,20.16675813489839
2024-01-01 00:54:00,910.094355420588,313.62180494470454,21.94773497687226
2024-01-01 06:31:00,958.0029683119764,343.63486591865467,28.10468217215466
2024-01-01 02:46:00,863.5965102680669,487.0756322614235,22.726506473124847
2024-01-01 08:53:00,915.9462332268384,393.2232585316978,27.31562119561134
2024-01-01 06:04:00,869.1249987152803,389.07730519557447,23.721202152416986
2024-01-01 07:40:00,963.1538809270214,302.91343095025576,25.21884328157943
2024-01-01 02:32:00,893.3456187535901,349.47994941166917,20.679732998194037
2024-07-22 10:59:01,815.344565370577,473.25848719643625,21.812255610497097
2024-01-21 04:20:04,833.2105042963072,332.9256856517338,29.571969635192346
2024-01-01 05:43:00,812.2209335239264,383.0249879069442,28.90138053446914
2024-01-01 04:16:00,899.8605892028651,302.86618117340026,26.5227511089905
2024-01-01 05:35:00,821.2674594696455,395.6670963341112,24.596445973857374
2024-01-01 02:48:00,822.8279938619264,304.2042213452434,26.757612928952238
2024-10-29 22:05:52,988.2096520076755,463.92191061316,26.186102890939388
2024-01-01 07:38:00,974.5310144352111,464.97075349742073,25.68552255604612
2025-02-20 15:56:30,890.4173193622732,457.54843766047395,20.591770718635416
2024-05-22 08:17:16,997.1610641700412,356.67281377822366,26.32802610661507
2024-01-01 07:45:00,800.0373056341326,467.4474436443636,27.689200445711684
2024-06-02 16:48:27,922.7958912546787,408.5996265210539,29.940816546455757
2024-01-01 03:24:00,923.285635474374,374.7616217734005,20.110785525943097
2024-05-30 20:24:28,891.4886111739777,425.06599194084663,27.301734533106767
2024-01-01 07:14:00,879.3895945868586,302.4682092120748,25.717893159359804
2024-01-01 00:13:00,891.0766270961216,328.5921755201504,24.340521760809565
2024-04-18 14:23:06,882.9920872159361,448.45870763405253,21.275701745713707
2024-06-24 20:17:54,946.0984954964599,348.8323217432306,24.09085148634876
2024-07-26 13:45:31,827.0710869946569,419.60182346574993,23.543771829861353
2024-01-01 05:58:00,839.5278441182261,377.02052056460593,23.028298889787422
2024-12-11 09:10:21,836.1036456784847,470.9611557598523,27.308796233222076
2024-01-01 04:59:00,852.4941170242529,490.48306119932874,27.007255212842637
2024-02-15 17:43:37,905.0516837563166,476.7129456740381,25.890200909809117
2024-09-04 11:07:50,822.2417494676438,354.12399893871935,29.386648132933722
2024-01-01 02:53:00,973.6338590653008,338.83257380921646,23.498543841808544
2024-01-01 00:22:00,859.4723062616945,394.886978724147,22.438019377101796
2024-12-30 08:49:12,832.5075974937415,301.4668301672361,26.559033130983995
2024-01-01 09:17:00,935.1242619196487,305.16187857263634,21.988140609374028
2024-01-01 06:35:00,807.6172601198639,410.6581279246,23.150105071834247
2024-01-01 06:08:00,923.9937129748329,404.0898808330572,22.246024400748848
2024-01-01 07:44:00,939.6396861352999,498.916397807052,20.691535677185012
2024-01-01 06:01:00,842.9833062773438,340.36836707275165,28.274987416356733
2024-01-01 05:25:00,808.3928146887268,351.6207858320937,22.54540542921661
2024-01-01 00:58:00,872.7290717838899,322.70812846525735,24.730275033430207
2024-01-01 04:55:00,819.7188460483873,483.5086019307489,20.43315273254312
2024-06-24 15:37:08,823.2955699346675,455.56224889169016,26.99339466252643
2024-01-01 09:33:00,850.8522462889729,464.4678222913695,23.305610023062908
2024-01-01 00:51:00,859.0935849253518,480.55275759290174,27.4473672782921
2024-11-26 14:38:30,905.9940682042841,404.97999734516765,24.124030604678662
2024-01-01 03:38:00,935.6783771006026,390.23863829014476,21.957556064056245
2024-01-01 08:42:00,918.554188174037,366.0782947331233,25.131750822820358
2024-01-01 05:40:00,829.6720674579034,417.8429228695711,21.3050455963744
2024-03-23 16:34:52,834.4172064905252,390.8556793579645,24.40539159872995
2024-01-01 08:36:00,975.7538499585829,390.313117321115,23.173054774204864
2024-11-25 11:44:40,911.6704630128227,487.3855727462278,29.119595841996333
2024-01-01 05:29:00,973.9875665795378,496.80630285582606,20.6092872172072
2024-01-01 06:25:00,874.3093022639748,459.29687786591614,26.94017414105742
2024-02-18 04:18:50,922.8800014862647,451.35161804938565,21.82751165987436
2024-01-01 06:43:00,904.7326832109221,436.1116323558203,23.190450743322398
2024-05-17 13:51:04,863.8246979640925,333.21497046670277,24.155140630620657
2024-01-01 02:12:00,893.9830744067191,311.8211641751309,29.080150893749742
2024-01-01 01:53:00,900.4981753653864,438.1452630226526,22.42578266073825
2024-01-01 03:19:00,840.1541949513357,445.75724445131516,20.9130880254467
2024-01-01 07:15:00,863.0020744753463,309.39459821962794,23.186896039905236
2024-01-01 00:32:00,958.2819501013951,485.6103500457696,21.046759705355335
2024-01-01 00:50:00,983.1576478908254,318.2281278889355,21.285964859605524
2024-01-01 02:10:00,871.9588187090599,357.18010675424046,25.738505979750265
2024-01-01 05:47:00,861.3944564418036,434.4779625597409,20.609019330994933
2024-01-22 13:44:19,839.0394329143764,333.9745188808953,20.30930881393566
2024-01-01 03:26:00,935.6982337301163,311.08317768844887,27.144141014704978
2024-01-01 04:19:00,864.6199403332674,366.22929783282996,23.616470948410445
2024-01-01 02:51:00,997.5499078198377,453.19431497103585,21.25375349233873
2024-10-28 18:18:07,865.1369604127906,382.7357357970521,22.536127708597082
2024-01-01 02:49:00,878.8272093565256,430.5945843815879,26.42086507352399
2024-01-01 03:17:00,920.6668392424069,415.9238194456273,22.755365671408512
2024-01-01 01:06:00,960.336858638261,304.4436964051161,24.94521125120408
2024-01-01 08:54:00,893.9037330691267,497.70799740914134,21.216953067266722
2024-03-14 12:00:38,884.5312067577917,308.28561776387755,25.88093637605447
2024-01-01 05:11:00,999.1275667189616,493.56054752969703,23.16077683843264
2024-01-01 07:55:00,802.0987282279889,409.9728356728796,26.269684345287168
2024-01-01 09:46:00,979.0130577702491,492.6318054130133,28.08394882304023
2024-01-01 04:18:00,829.8281651879474,322.9507198827671,26.116464193899922
2025-01-01 14:48:49,957.1850552417827,398.0817038371026,22.957475625950206
2024-01-01 09:06:00,923.5863119692596,333.90081837321173,22.557437015483004
2024-03-01 17:05:33,868.3694570996184,310.1949754044885,23.27420958733448
2024-12-30 19:25:40,974.7749911042037,423.5058230124623,21.646205132365047
2024-01-01 02:40:00,802.5814455961984,341.5566841923383,21.8117185085002
2024-08-20 16:43:52,845.3381304149848,417.5394036575092,27.90691101900168
2024-01-01 02:36:00,913.3785592499072,322.47289638979714,23.84732576507445
2024-08-10 18:19:32,870.3084520099396,366.39729428654056,24.359951805705858
2024-11-19 13:16:28,922.0754990636656,456.3265116106494,25.94049465566811
2024-06-10 20:01:19,804.8220386817334,387.41030436843755,25.896534951515477
2024-01-01 03:32:00,169.08003526986406,37.23488942176866,0.7361282683839452
2024-03-04 20:00:46,314.57576627366456,211.9608060598075,11.105467550154245
2024-01-01 09:00:00,166.71384224130284,28.51218248320004,1.2509444248403156
2024-01-01 08:20:00,168.52355095063282,34.99005054929826,0.8609535042797044
2024-01-01 04:20:00,131.46139056843833,31.0146151042565,0.3437530694677181
2025-01-04 22:24:06,485.6120190653142,92.01419121205879,11.67760591603153
2024-01-01 09:56:00,144.60250129413257,29.901811005366593,0.7596350585059404
2025-01-31 21:14:18,441.6897942703471,89.10563255128436,12.073970000329277
2025-01-31 19:42:03,355.02655787373584,177.17493131826012,8.138268082244156
2024-01-01 09:42:00,162.6556373221257,34.59158303001156,0.3271267680954711
2024-01-01 06:34:00,173.58880241442574,24.991899950525422,1.1988557679560545
2024-01-01 02:57:00,179.07068154314635,28.762406822242475,0.18720851738208777
2024-01-01 00:34:00,166.45089824206377,24.93947812369916,0.9322668692606422
2024-09-17 05:43:32,308.50190341434705,150.57092271345738,8.695741994267731
2024-01-01 09:07:00,145.93909227914014,22.79974558702853,1.2099961866473752
2024-01-01 05:05:00,152.34654766617564,30.232182740780743,1.2851200741663893
2024-02-16 21:11:07,428.92028201648816,179.23056476266098,5.68713677723961
2024-01-01 02:13:00,159.47184861270364,21.4870819788108,1.4658542812038808
2024-01-01 01:01:00,146.28682046672367,27.26570529379804,0.8560166804463147
2024-05-17 22:38:25,352.3470964765206,198.47775941545603,10.633953507126401
2024-04-26 22:16:31,340.60235314415615,116.59428393479908,10.00112752076627
2024-07-22 15:34:41,301.63603244380664,138.2413220934327,14.988926120332906
2024-01-01 01:31:00,169.37289981065777,35.79664901682124,1.3978013550940134
2024-01-01 05:51:00,179.50712433899105,31.760276982571483,1.197308498279556
2024-01-01 06:33:00,186.62917531708706,26.590078760011007,0.567933646174485
2024-01-15 02:24:34,344.42294951287533,219.98335616821683,14.753431334790704
2024-01-01 01:56:00,149.30576460589512,30.571138243310198,1.4890212207526377
2024-01-01 01:36:00,155.9224055412915,31.63066511121059,0.22477420496242326
2024-01-01 05:52:00,167.1531924640404,23.74230287904778,0.8759171197848232
2024-01-01 06:00:00,160.38693028482345,33.21361379933772,0.5577042628733108
2024-01-01 07:21:00,149.34610503811814,27.7055786856553,1.1213115201133554
2024-01-01 09:49:00,132.87832348182266,25.158277725681824,1.1240950864765074
2024-01-01 06:30:00,132.03170657303284,31.04191403973776,0.797557955168835
2025-01-29 14:42:40,446.935504118022,163.0697905840928,8.01046077834313
2024-10-09 19:44:36,451.6172468760046,194.507534999597,8.892304716917884
2024-11-26 04:42:06,415.16652932789947,145.86980959403812,10.149333499132595
2024-01-01 09:13:00,155.08841686602426,23.38455103296251,0.8462404141445958
2025-01-08 22:31:24,444.4483572802759,124.82946425228846,7.28875462483499
2024-01-01 05:21:00,161.90314050873826,24.8674235029447,1.1163718739794137
2025-01-31 18:46:41,407.83865227767166,123.58715442106211,6.3008066982894695
2024-01-01 08:57:00,142.3088891154035,23.86196092431504,0.7969375112480063
2024-09-12 04:26:01,370.39911760942977,170.9005642106303,7.695118622922727
2024-12-11 19:33:21,495.1130697179714,90.13882979639683,6.7935601028924095
2024-01-01 00:45:00,135.60311583210583,28.636382151261646,0.24575350913783287
2024-01-01 01:00:00,140.4165152430942,27.131689965598817,0.4271969146746062
2025-01-20 20:33:08,415.4871929094036,168.880090836771,12.982931972091867
2024-01-01 08:58:00,170.1258561842888,32.98700034924929,0.2476631799392828
2024-01-01 01:20:00,145.60656224324975,33.60836032021618,0.23534702950540745
2024-01-01 02:33:00,154.64507394322007,35.2682089830392,0.7054970296621847
2024-11-25 14:40:18,426.55842644552115,140.85600338639927,13.285555979060813
2024-06-08 00:03:54,440.6980018583947,164.2245339514264,12.9155820259137
2024-08-17 20:45:42,552.0952548602406,222.1739243914697,12.234436623549119
2024-01-19 10:52:51,492.95026420865526,159.75812791634002,6.1755130015022
2024-01-01 02:02:00,178.05588621872198,23.259072889471433,0.632872610867212
2024-06-05 04:54:08,397.88753944328585,131.4238295076245,11.961561451379252
2024-03-16 21:00:04,292.3303261221428,177.28208262850478,14.730767979122984
2024-01-01 05:04:00,149.58196812071705,30.955495340099517,1.3059179949088104
2024-01-01 06:16:00,167.44641273441357,27.738468403754617,1.211876263787918
2024-01-01 05:00:00,133.42009978155855,31.843366544364507,1.3416948602929772
2024-01-01 03:23:00,171.07604104069804,27.688623556474788,0.40128262082413246
2024-01-01 01:39:00,145.30825733249705,29.075489317785056,1.2564946823535397
2024-01-01 03:35:00,165.17938440986535,22.57219813481514,0.7835375918304894
2024-01-01 06:41:00,138.01249954092455,34.62316841456384,0.7076271126434253
2024-01-01 03:41:00,112.65469614816504,37.0467372009279,0.6522667899980493
2024-09-23 23:53:46,505.1931562867238,172.30764242900497,11.077526830956526
2024-07-20 07:29:12,361.90233011642727,126.79787034519828,14.67761465269562
2024-01-01 07:20:00,157.68130897878615,38.419638457289345,0.7115909836612513
2024-12-28 07:48:51,330.62958274312797,116.72711167078221,6.009781068177611
2024-02-26 08:36:37,490.70160774936517,199.43246480027756,10.27677466221695
2024-01-01 08:46:00,117.44915124233674,31.513177326195166,1.331414596932141
2024-01-01 09:51:00,140.44685106469765,23.329872525408977,1.3014478744200295
2024-01-01 02:21:00,176.14285508564856,23.602115166321493,1.1707337212641937
2024-01-01 08:52:00,148.67840402705366,38.06855634529323,0.13803438971578375
2024-01-01 05:08:00,160.94194762340075,33.22742090570538,1.1570587002447896
2024-10-26 09:53:21,441.0484638540866,246.50461686451663,14.52815017002506
2024-01-01 01:49:00,148.51108168467667,38.48228184145019,0.5277340349212329
2024-07-11 18:10:07,359.6180063017426,144.62883351254783,5.684587193335781
2024-05-13 06:58:07,367.2574049509517,205.25816314761946,13.169739072718368
2024-01-01 00:23:00,121.50503627573087,36.72710023077489,0.3352198908428088
2024-01-01 08:26:00,138.15212151522263,33.063869525312846,1.2899655200729268
2024-01-01 03:54:00,192.8788817865065,29.826575563066093,0.7460684504746278
2024-01-01 03:59:00,167.04866669592448,28.930055778872454,0.9595070186640864
2024-12-15 17:17:41,375.3572572651407,122.97167683353553,9.739212201161028
2024-01-01 05:38:00,158.2586290855125,31.219003568855996,0.11306426775793062
2024-11-16 23:44:57,398.4464315289814,176.9144494386728,11.769407829968372
2024-01-01 00:14:00,115.50164334973934,42.228759898084135,1.1927357213414065
2024-01-01 00:28:00,137.9872262016239,30.278624561443472,0.13309402046487095
2024-01-01 01:17:00,144.01985299068264,38.761352217118116,1.066006847148932
2024-01-01 00:56:00,133.21564953554724,30.06964645956473,0.19719337984453073
2024-07-19 10:20:36,422.1901550366553,196.78359969711096,13.829148165187222
2024-03-15 15:50:56,317.78598872592335,154.1742375009285,5.053134756683459
2024-01-01 02:34:00,155.86144946597364,25.253005555840286,0.5365425863193634
2024-10-19 21:34:16,339.8274875527533,139.33390683062342,13.956747776187786
2024-01-01 05:17:00,143.79466486813087,30.93304561578179,1.4123432930959665
2024-01-01 06:39:00,174.75632623946925,32.86291390678079,0.30643353738879753
2024-01-01 02:58:00,144.70686333524088,29.62783285449977,0.8131909794097055
2024-01-01 08:50:00,162.7718491755475,31.606786077251364,1.4789855185972252
2025-01-11 06:58:13,421.53015529960857,169.68075391971198,12.837382510752365
2024-01-01 07:47:00,165.1501542009461,35.8041339368926,0.6755338436409891
2024-05-14 08:28:46,391.7422597654003,100.4935031069081,6.296789782242353
2024-01-01 00:19:00,121.75392597329417,31.119420121395656,0.23374943936853546
2024-01-01 02:55:00,166.54366498072048,22.148876400547717,0.24146413541490536
2024-01-01 03:55:00,162.67838044636022,31.171073662682602,0.9920820675315926
2024-01-01 07:06:00,130.70153078839792,30.190017390841,0.5182158030242823
2024-01-01 08:32:00,145.2210390626718,34.35033865344377,0.18718234823463986
2024-01-01 06:42:00,150.10487399436366,30.29815184960087,0.2240406015514641
2024-01-01 05:39:00,138.72550894392052,27.179606846316357,0.44535041033027223
2024-09-08 15:56:38,315.7054064682917,154.07425181047947,9.392106012497173
2024-01-01 02:47:00,187.93585965307895,38.85400317817755,1.492812844037674
2024-01-01 08:01:00,130.88919118799149,28.253711478407855,1.0158444420637043
2024-01-01 01:05:00,177.12480057141647,30.532151138459483,0.5540672543615258
2024-05-29 15:48:23,400.09643802897796,98.0167505228961,9.884956326599053
2024-01-01 02:39:00,163.1310721726766,33.501549397044954,0.4024534555134395
2024-09-28 13:24:31,365.1610903544125,142.35888949599325,14.137884438732593
2024-01-01 01:19:00,110.24862170798215,36.35777547497079,0.8501587582623137
2024-01-01 00:40:00,164.7693315999082,28.32107650354936,0.6994794608958605
2024-02-20 04:22:01,345.7804023580119,107.12571067839377,9.096710533759927
2024-01-01 07:49:00,138.4836351871064,31.73251940865358,1.3597666839621814
2024-03-15 22:20:53,527.8917736403773,206.06394371785717,11.946409588937279
2024-08-27 23:45:26,326.44923267308616,176.7496662237005,13.448713477552289
2024-08-14 02:48:03,444.1188300832374,168.65433497785338,9.289443334301442
2024-05-19 14:22:21,327.7038511415898,92.24580735465833,9.425455148147456
2024-06-27 04:36:00,414.3665425551678,182.71558632100115,7.602365979852293
2024-01-01 09:25:00,141.83849253956896,42.19876203169636,1.3515855940110186
2024-07-08 01:22:39,383.1095808937844,233.98887156666063,5.669736120252715
2024-08-27 18:33:41,400.0165651934558,161.76896516053975,5.710348890440021
2024-04-21 21:46:03,459.1048384710002,149.2295848106242,8.544249487930548
2024-09-12 04:55:45,475.8021169698286,96.95809255671847,5.533479969888977
2024-11-28 05:30:56,392.1129494172591,75.33840194557536,9.334722327556344
2025-02-12 12:20:26,464.0327620182146,76.15248551047625,11.359403268267108
2024-07-22 17:42:18,342.4677344606064,147.3546954149671,7.034727424975959
2024-08-04 22:26:42,301.2520902496062,197.76437612189488,6.87920380815323
2024-05-13 17:29:15,375.74561737325797,173.67256534965512,13.379083748518037
2024-01-01 07:00:00,191.21495849763974,32.6141774401775,0.568315804238705
2024-01-01 07:31:00,169.10284641002477,31.979017667187044,0.49506190457048016
2024-11-21 19:08:19,239.69101084745972,163.62356865601987,9.233351441531976
2024-07-02 21:42:32,279.6223700775198,142.7843327295037,8.37206575565752
2024-01-01 09:34:00,166.5881116236698,26.23017705566662,1.4539772613628386
2024-01-01 01:23:00,139.63459563452705,32.44687280613959,0.5866001339345749
2024-01-01 09:41:00,141.69424172198399,36.960011431723,0.6984855630888611
2024-01-01 06:49:00,160.28877668117497,27.32382394219716,0.6897472746117007
2024-01-01 08:08:00,183.74283270145128,28.704789270896484,0.2597340988431067
2024-01-01 04:36:00,153.9811939114694,27.411943504819142,1.0014659549575828
2024-01-01 04:33:00,150.20466122039173,26.345349800290403,0.269940985423169
2024-09-12 14:07:12,389.01025692804825,179.7072967343889,7.993833737053483
2024-12-25 23:25:01,197.57699818029363,106.33196495442743,7.490087361090899
2024-01-01 03:01:00,132.85684887167434,23.323278206449494,0.9613072135234152
2024-01-04 10:06:48,322.2674612366971,111.44964295157556,11.775316138836846
2024-01-01 05:23:00,191.8477455137092,26.499395925304135,0.39891591283494066
2024-01-01 03:53:00,136.96799304788365,26.161012174479357,1.362466788989593
2024-01-01 05:53:00,146.80122940073147,37.2188230203663,0.10732145896007783
2024-01-01 05:55:00,129.94941270724382,35.58647915794064,0.1494358969163347
2024-01-01 08:55:00,150.94797342632828,34.820435841441785,1.3729082882061843
2024-01-01 06:50:00,164.23229756177778,36.58697032817163,0.9906483105915257
2024-01-01 04:54:00,157.14030971930094,36.91079495518763,0.715166985572233
2024-01-01 08:31:00,148.99523781101726,31.087164365898616,0.8636046171696676
2024-01-01 09:04:00,100.56710999745421,29.13464087858065,0.38527304277876473
2024-01-01 07:57:00,156.22500309087073,27.859424195170437,0.4642209073468716
2024-10-27 23:13:47,417.0634965898351,203.6184420716139,10.359350788521182
2024-01-01 03:18:00,151.16417436892,30.141591880652307,0.12686918755227936
2024-01-01 04:48:00,155.61983735470065,32.95327415346155,0.27933404491268
2024-01-01 04:39:00,142.29372806276479,35.94196636724042,1.4558842886321373
2024-01-01 06:57:00,152.31349268585717,27.58057082972839,0.9228771052070774
2024-01-01 07:09:00,114.82521027153771,24.886037174007974,0.701519537834509
2024-12-27 18:23:18,476.02460735788605,100.43571697384397,6.603654061197432
2024-01-01 05:19:00,147.3971389126463,30.97044996449154,0.33074074202121195
2024-01-01 07:56:00,161.53113926111533,22.217090506701247,0.6863106467038259
2024-12-11 11:24:12,488.5664535429578,128.2354399154323,8.09806875322469
2024-01-01 01:27:00,156.5750221931937,28.125895962252013,0.4284989145976349
2024-12-08 22:05:44,321.02563782790526,140.11897197016015,13.773504531328387
2024-01-01 09:22:00,167.42249406863385,23.05213766618202,0.29699613926826174
2024-01-01 00:15:00,138.75424941518054,30.646105909876137,0.4847284497673905
2024-01-01 06:13:00,169.18541652170413,26.736880103488044,0.10450556904599016
2025-02-12 22:12:10,375.2632738360109,93.0417139019942,8.91859373188026
2024-01-01 08:37:00,130.44889510402896,29.711906014832074,1.2007894791376463
2024-05-16 00:18:03,397.3416007484431,133.71854748292878,12.227377522388046
2024-05-12 02:45:54,425.94874253772826,58.152761874510475,11.493223245768817
2024-07-20 18:00:08,434.5538035739153,191.4099733889501,6.5620656868662195
2024-08-13 01:15:24,338.46861201701614,105.09820775022345,10.831908042770976
2024-01-01 07:33:00,160.08093031035688,31.303368829119535,0.44577031870079975
2024-01-01 03:08:00,133.0641256386319,29.649171442706766,0.7296985083498515
2024-01-01 09:31:00,183.52874624550566,31.405957119846878,1.3353829157702741
2024-07-02 00:31:26,320.0558214164071,52.44731366894284,10.214490241668802
2024-08-02 07:03:37,406.5951802347603,61.52552354681973,11.920736470243689
2024-01-01 01:07:00,170.07065795784047,37.51996494291345,1.037281737277466
2024-01-01 02:14:00,131.61151531532394,35.14577818662822,0.9973609082834647
2024-01-01 01:34:00,142.15783693735685,32.96550628984192,0.829341168180859
2024-08-14 03:49:13,529.2466258838585,122.8974139065738,10.070596467387183
2025-02-13 04:48:16,183.74141656006103,142.96582382271714,5.835543375106898
2024-01-01 01:16:00,151.74094136476342,24.447120772670857,0.3454241193007235
2024-01-01 04:49:00,137.54600960358812,35.54351790291454,0.5735745083922977
2024-10-08 09:16:04,417.8591131303328,166.34611245922684,14.906791570657658
2024-01-01 05:46:00,121.03831317005351,22.372374145376305,0.8771189290232007
2024-01-01 01:14:00,97.6050979182051,22.962441526410892,0.8872155422290736
2024-01-01 02:05:00,193.80911251619958,29.080083318236603,1.2282955601646697
2025-01-29 02:23:49,379.2963149866318,166.73592883554736,6.9092658507164355
2024-04-16 09:06:13,379.23626579328663,181.38417151592097,8.267425420300409
2024-07-26 21:51:41,382.80631757690117,130.51085743545792,6.564767160036006
2024-01-01 00:08:00,140.61051228130097,21.106398755478608,0.9553733843913883
2024-08-11 21:19:19,389.4994426326156,135.66639391915112,8.894049389788753
2024-01-01 08:24:00,136.98714861756346,35.54091408368758,0.332084356228586
2024-02-16 02:36:25,393.3515541897044,135.7021830875829,6.172039056802334
2024-01-07 14:04:47,410.11036636371296,191.56447149681074,14.271106288584273
2024-10-24 20:01:42,432.5641829699628,160.41122026331544,11.747863021674105
2024-01-01 03:50:00,135.39266736565727,23.277747444828613,0.45653887086447165
2024-01-01 09:40:00,156.76992814988827,30.899470755767393,1.3346988616265016
2024-07-09 05:34:44,255.91538126778087,176.63697008217846,7.4339668321853045
2024-09-27 18:07:00,314.18055794081545,168.31091464607545,14.009608956904678
2024-01-01 09:05:00,134.06209489059046,30.077895237907338,0.8326614836726377
2024-01-01 00:33:00,128.845781420882,27.8655946502629,0.6472683942677204
2024-01-01 07:04:00,162.90751899170294,38.637715850503554,0.48229913396193735
2024-08-08 15:22:38,386.49426214479917,152.0355080742407,11.939495905101568
2024-01-01 06:53:00,175.5535364379702,26.55406090955216,0.6738668455748035
2024-03-31 09:05:45,329.45002790178256,109.84170511674006,6.697284285769232
2024-01-01 06:19:00,133.83403429289697,33.80207328072149,0.7733620458405732
2024-07-14 06:24:22,384.21292637541393,128.56794147790808,14.281820981139514
2024-01-01 09:35:00,105.7772938198423,28.59662461566613,0.6848653709851396
2024-01-01 05:18:00,156.48332704976883,27.767831927247357,0.16044323011581635
2024-01-01 06:52:00,119.31771658528756,40.37630436312632,0.26567066729274225
2024-01-01 02:27:00,123.59086773831447,26.22308533823339,0.195441233139691
2024-01-01 09:45:00,154.96441172600672,34.70385593994108,0.8383594709717468
2024-03-02 07:21:53,651.0198826927995,155.73553869369005,10.86936506558907
2024-01-01 00:26:00,126.98012845155395,25.051975898707095,0.40343572012708584
2024-01-01 02:44:00,169.26752258488642,35.74636663142838,1.1930662204958158
2024-08-06 09:56:59,241.65601516993698,167.58004922480904,13.881181889340358
2024-01-01 00:20:00,179.31297537843108,26.04762772277344,0.9734030545472021
2024-01-01 07:35:00,134.14254335475312,26.641883160309742,0.4493646797893085
2024-01-01 04:34:00,130.36982697904097,29.834365135631014,0.9610181552544133
2024-11-06 11:20:28,227.8547678936556,132.5312105583762,14.017740285462287
2024-04-29 17:34:53,547.0546941436098,178.72742902831737,10.0313247255154
2024-01-01 04:44:00,192.66066749312535,33.409457448131555,0.915391721490145
2024-10-31 15:51:57,344.6063216100915,150.2719937823999,6.153946421789174
2024-01-01 02:03:00,121.96297874415438,33.71632047011357,1.3291640486230973
2024-04-26 03:17:21,398.0643514887267,174.0482699571646,9.276013337033373
2024-01-01 08:27:00,132.72018460640368,24.73292218413172,1.0366312722607516
2024-01-01 07:10:00,126.3348297466845,28.713117312883274,1.3218223506784426
2024-01-01 08:03:00,154.06927271734446,40.383739917804206,0.8914623564002538
2024-05-18 20:27:11,469.9511344570182,159.57618002141507,9.397404865079086
2024-01-01 06:48:00,152.40591263423798,35.247763576596675,0.9995912793492681
2024-04-04 00:47:39,468.07183697343777,153.0382107166435,8.262539180411467
2024-01-01 01:57:00,126.62643924760935,30.75150880730939,1.2919949408431342
2024-01-01 08:39:00,165.0277424674358,35.25327198003806,0.4620691688432542
2024-10-30 19:14:18,440.06755799555657,169.90972356365577,13.791857726012477
2025-02-05 03:28:21,551.9905547916172,175.5356770243353,11.851343098744842
2024-01-01 01:29:00,160.26534866226712,32.2213165574302,0.3133824186625844
2024-01-01 05:24:00,129.87965237000597,35.97523314462421,0.8081937701325606
2024-01-01 09:36:00,154.7122911621713,21.535215929023074,1.477754446651097
2024-01-01 04:51:00,140.13998130682336,32.53637015553649,0.4144618565813927
2024-01-01 04:12:00,192.44312394025266,26.81306436346741,1.439101957619272
2024-01-01 05:56:00,149.6297372801522,31.71362673188852,1.144027295823725
2024-01-01 00:16:00,129.74337759331152,30.546973973024464,1.2516600459191498
2024-01-01 00:42:00,147.6870343522352,28.702043243181976,1.0694106118541176
2024-01-01 04:13:00,170.64930521102295,35.94508265553776,1.1325117032426097
2024-01-01 08:47:00,150.96169893322764,26.22862074990321,1.3188097950644098
2024-01-01 00:11:00,140.68540492859486,29.722076645447725,1.3600323727572157
2024-04-24 14:20:02,507.23603568185155,173.5421307908288,10.07805063958779
2024-02-19 18:57:32,467.2496021203642,206.90992544399762,8.711129384301278
2024-01-01 04:22:00,85.17465319861854,37.737526006650306,1.0244238075818735
2024-03-12 19:03:58,255.7488258995244,111.74254492727965,13.433261677878832
2024-01-01 01:18:00,151.83521553071006,34.678391965737305,0.38130716412267907
2024-02-03 09:21:53,429.38298507210726,178.61525261764976,10.533711897497717
2024-08-31 19:28:54,335.5303946803049,168.50365171415805,9.24850842868087
2024-01-01 02:09:00,139.930486917676,26.108476372988438,0.664172250271226
2024-06-14 01:38:48,322.0376556263487,174.12749724329373,7.891874462959498
2024-01-01 05:32:00,151.51609116387453,22.75993049791878,1.0644394228701268
2024-07-20 11:04:40,489.68245338595773,160.53948861324238,8.855975925133333
2024-06-11 00:29:10,432.785492554281,102.42352428530688,11.642193849889683
2024-08-26 20:50:52,578.5040116954106,221.80845423649288,7.595764492750492
2024-01-01 05:03:00,162.2074053086693,36.39225931303649,1.2423257145560642
2024-01-01 09:28:00,112.5841615794829,32.97377170832643,0.7164527857156885
2024-01-12 10:14:35,471.60306512608923,149.97165621693415,6.834421964034345
2024-01-01 04:21:00,148.809492878764,22.42127942501384,0.23775390959875622
2024-01-01 02:23:00,153.69267717064608,30.13045525105417,0.8035925070488193
2024-01-01 05:45:00,154.64099874715274,24.649576168369236,0.38564988848045834
2024-01-01 08:43:00,161.41197337186318,24.284975436347583,0.8271402033055122
2024-01-01 08:40:00,116.61189437757257,35.52762966478992,0.33058889480521425
2024-01-01 04:02:00,160.09974557960913,24.386389892188507,0.3102366011438583
2024-01-01 04:00:00,134.14958523134598,29.752681451737836,0.19331285678496596
2024-08-17 07:30:38,367.13485696363324,146.73909307593416,10.788067545119405
2024-01-01 05:30:00,149.7550645430617,27.22400236653401,0.5165678318463488
2024-01-01 00:53:00,162.23352577681734,24.467370456291647,0.5527201869617291
2024-01-01 04:57:00,156.14599041753218,30.733568432166614,0.43696979656550694
2024-01-01 02:00:00,165.82063894086093,31.539008844460295,0.26291295703966655
2024-01-01 05:31:00,132.05491257028336,39.40578534720295,0.8910307900026225
2024-01-01 04:17:00,135.84661068762438,32.35707778193202,1.1845149436536546
2024-01-01 01:03:00,126.07586751838659,27.282876144331176,1.0112283166660718
2024-06-30 06:37:52,430.16803151217493,130.84650175966382,7.320181803088107
2024-09-21 03:32:43,351.05847272757717,85.69355891527765,13.705269662693842
2024-01-01 08:04:00,134.87298509431395,31.909677261157768,0.7495054813636706
2024-01-09 05:20:51,542.024871408761,210.4461972098939,10.837135877313639
2024-01-01 01:24:00,133.83012794213624,23.889360955540273,1.0308764142821052
2024-01-04 06:35:29,397.95405502464047,132.5294305104713,8.352790500782957
2024-01-01 01:38:00,150.10226913284922,34.6201350960345,0.2787988770893287
2024-06-06 19:56:05,322.1163040236425,109.21342645231537,5.300260053293928
2024-12-25 14:40:57,271.39521085048204,182.75110575019443,7.770125243259788
2024-02-17 07:43:22,415.578895577502,170.0713094467018,11.495089297074474
2024-01-01 01:55:00,156.03094684667224,35.516509410082605,0.7957488760681622
2025-02-15 16:09:43,304.5090534594816,91.95297239793764,12.819599771579592
2024-01-01 05:33:00,136.45676576975777,19.00597021689959,1.3226520822051309
2024-01-01 06:47:00,147.15241029957414,33.175859008409844,1.4063586638809809
2024-05-12 11:25:05,289.63054681688556,111.71396340419828,8.731226184223836
2025-02-14 19:01:20,325.8117492647541,141.0719098146078,6.6528449014295745
2024-08-02 01:34:14,423.0954903423886,45.83144573491464,11.204737850519706
2024-01-01 05:13:00,166.27019272001277,37.887266398817374,1.0186265727535
2024-12-31 06:55:24,419.13974912889194,216.9796973339015,14.961576734987789
2024-01-01 01:13:00,181.29287311628013,28.142795670021044,0.1841992796410993
2024-05-22 20:45:34,555.1143199246628,146.9694285385816,6.053932181078052
2024-01-01 07:59:00,172.39149822869155,34.251108710567465,1.4738159266961453
2024-01-01 04:07:00,136.93341534852576,42.276500699554475,0.21870882246412449
2024-01-01 08:38:00,151.98664610858452,31.005495233574837,0.3819092949903641
2025-02-17 00:14:43,486.8629059951478,150.28252634512705,9.11191517994586
2024-01-01 04:40:00,152.27034690502495,42.63466212936811,1.2181998683164044
2024-01-01 09:59:00,157.54600986089704,36.82070214986922,0.6009175714556184
2024-01-01 03:34:00,143.6946151071931,35.159222697343175,0.2373156130979424
2024-01-01 04:15:00,140.31531854267496,27.14626853125262,0.5151498138027173
2024-01-01 06:11:00,159.959965824909,26.594741712625595,0.6776705771880732
2024-01-01 00:46:00,140.78722458080426,16.515566785292144,1.1140743439802376
2024-01-01 01:08:00,157.2327205009527,16.74515095803494,1.4917951057096346
2024-01-01 02:54:00,155.5338159866004,33.10904981108598,0.5245852065946337
2024-01-01 08:21:00,188.1883328094026,15.518723109031553,0.21441548404548955
2024-01-20 11:39:37,459.37019928575137,159.8601911372802,5.577321592251172
2024-04-10 22:51:47,365.0891287578745,153.41272570260097,14.390684794502915
2024-07-20 16:00:22,352.60285926776845,110.75337875441274,5.769716693808741
2024-01-01 05:28:00,162.4823963410431,37.827620146171704,0.926486766642282
2024-07-14 05:00:35,273.5047438374293,137.4776787790738,9.51294113029255
2024-01-01 07:16:00,182.57231091142583,23.871171684988294,0.2868719613823213
2024-05-05 03:52:44,357.12292439087616,102.76748738764621,6.025679625835898
2024-05-23 12:25:16,334.63290951454474,183.189296715167,9.0188719989073
2024-01-01 03:44:00,140.56136268421133,27.77248739299614,1.3489185645163282
2024-02-06 08:36:59,229.14606288170435,135.22891443015186,13.644332468683642
2024-06-18 17:35:42,467.79373417203374,109.9125017687411,10.355538148796725
2024-04-18 13:36:55,350.3321921399107,125.30987253812307,11.66847391305658
2024-01-01 05:15:00,150.42007683265518,31.395107628851697,0.8630376864557135
2024-06-24 09:51:32,460.34330638508595,112.8195655923036,10.993021161394378
2024-01-01 00:02:00,162.95377076201385,34.3480296005283,1.43196467908932
2024-01-01 04:10:00,124.78232091329909,26.88429736787618,0.19975941887136203
2024-01-01 04:26:00,182.64822607863272,31.429326953624525,0.21504033446699827
2024-01-01 09:53:00,156.67324210573898,31.598909670712686,0.8571112569797621
2024-08-21 12:31:05,390.3695068837121,143.48828375710823,7.499569463976212
2024-01-01 02:29:00,155.93969346466372,22.96669451575889,0.28923280481675184
2024-01-01 03:12:00,154.2818748826041,31.357894185976868,1.258553053793624
2024-11-24 02:39:24,391.6440625170023,156.59043364946066,6.792532557392807
2024-01-01 04:50:00,145.8375549928545,34.10241090598682,1.3993170964564696
2024-01-01 03:33:00,163.02782502611595,30.982773882557872,1.2820999158354625
2024-04-30 02:16:55,361.3551158653248,99.9836906412113,13.549740195614744
2024-01-01 06:28:00,169.008476763721,28.89517913085168,0.47774900817950006
2024-01-01 04:56:00,167.991997508665,29.164409598415727,1.4203061728425908
2024-01-01 09:01:00,127.40586290684763,36.878534066558096,0.6325880105105872
2024-12-22 17:03:27,462.37284258154716,151.366096699521,12.163971119580989
2024-01-01 08:41:00,160.8672038475987,35.9351515278019,0.5623010908200965
2024-11-05 06:49:27,348.30181521249574,144.89803518489862,12.665150495325847
2024-01-01 06:40:00,118.11144682411266,36.99677718293001,0.5594698550530361
2024-03-17 07:45:28,415.56859641897944,156.07031968994963,6.716939077054496
2024-03-29 01:11:16,453.70720611603724,95.47303981628758,5.6904590631459975
2024-03-03 03:21:47,419.0695186187828,209.5945375440833,5.0199213521907025
2024-01-01 05:22:00,133.63558633533054,30.66484837073438,1.244899461799723
2024-08-31 12:01:46,477.1881306477966,80.96773084837614,14.07838513883534
2024-01-01 06:18:00,193.79605866435344,22.080485882571384,0.9234831737277467
2024-11-19 23:18:36,334.20640540942395,129.88100917794628,5.851034861197854
2024-07-26 09:25:35,469.7037837965795,174.88828576173609,5.56176077347439
2024-06-03 22:13:54,265.324944622324,176.65250003636848,7.149126370363959
2024-01-01 03:31:00,172.71131280361197,27.801344708629124,0.86714328456317
2024-01-01 03:21:00,161.2156905273647,27.41977635891313,0.2919535880205987
2024-09-07 20:10:23,504.82469968956866,106.5101624454879,7.709426983163654
2025-01-29 08:46:37,493.8499710069313,134.64114912190593,13.149397285405392
2024-12-15 22:46:26,431.39327737430136,144.7410961731333,13.473879305713737
2025-02-09 07:45:04,437.41545374123467,151.9909474872384,5.4035082685969975
2024-04-08 21:36:32,421.37013208091867,209.3646411414386,8.336283958368657
2024-01-13 19:18:56,486.87856929400255,171.8847646070084,13.763194331423115
2024-01-01 09:54:00,170.750798885158,22.035031332341653,1.094339918072636
2024-01-07 12:32:46,336.6064063200031,128.13279661650938,13.381549749886425
2024-04-11 23:31:11,385.92913500541306,99.69688564341536,10.568784431720958
2024-01-01 09:20:00,155.79549713792827,17.502971425632133,0.4876662823289325
2024-01-01 09:19:00,141.58031038359474,28.37584308245689,1.368600556672073
2024-01-01 01:32:00,135.95893812245296,24.594683362000513,0.8559399823927833
2024-01-01 00:03:00,180.46059712816052,36.778189294024756,0.9422565482048636
2024-01-01 09:58:00,141.11413479847778,31.119570670323306,0.7429712760424994
2024-06-28 02:53:05,431.23718799431117,169.28995810722628,7.325059922078312
2024-01-01 07:19:00,148.88904602206762,35.23549151306077,0.7950456132974196
2024-01-01 09:14:00,156.75205324150403,38.21007580068185,0.3211367519694872
2024-01-01 05:49:00,145.73105696576306,31.21669724661346,0.3632346284615826
2025-02-12 09:51:22,484.8167925999104,159.01231688163767,14.733826191648213
2024-01-01 02:30:00,155.00985700691754,25.38383376944548,1.4483611562248433
2024-01-01 02:52:00,148.4579658117179,33.1620386952776,0.2991491161620746
2024-01-01 06:21:00,138.01214709111954,32.12728780892483,0.19079503227615568
2024-01-01 08:34:00,138.46457338863334,30.752094525717883,1.2289650641259753
2025-02-09 00:36:17,456.65715386052455,122.61480696959984,10.590592849466022
2024-01-01 09:21:00,191.50801597290877,41.45471286295371,1.4769300618013108
2024-01-01 07:02:00,145.02071703041852,29.878227038695087,0.13386846944789735
2024-01-01 03:40:00,196.29317133347018,27.41355774949814,0.626243599204077
2024-01-01 06:12:00,179.02287215590084,34.20321774494362,1.0738654050955296
2025-02-27 01:16:41,480.0465854434383,99.90426222347523,13.03002071957837
2024-08-01 03:59:33,347.6739453498061,150.83545953183847,6.6574817696522075
2024-01-01 09:12:00,173.35564123319614,26.805191261552487,1.3811260957698606
2024-01-01 03:49:00,163.5919549786935,28.591076955697464,0.7126443736775486
2024-01-01 07:37:00,129.29515355161251,35.86364509629682,1.1631575673851493
2024-11-11 13:29:58,504.3472194302522,177.20864421801798,14.08228488700323
2024-01-01 08:02:00,117.87107359484855,28.391824743913087,0.3773366858636361
2024-12-23 14:06:27,464.6446238624916,194.5728677867549,8.927307432714162
2024-01-01 05:12:00,166.5083269797606,31.246918418553776,1.1870264250996145
2024-01-01 02:04:00,161.7371418760054,30.854327190639708,1.3152793661504305
2024-01-01 09:43:00,195.41385715608791,22.147496981884114,0.11765052796606267
2024-01-01 01:42:00,143.14570966946462,26.478281547286205,0.15062453273466697
2024-12-17 21:03:59,365.6558220386192,230.94424876918558,10.325040664159818
2024-02-14 21:34:28,488.77598735649786,195.01739137659078,6.85646704901243
2024-01-01 08:23:00,161.25938473381143,29.302051859224132,0.7785748019820657
2024-01-01 01:10:00,157.2279121101683,36.23042596248815,0.8808967843180348
2024-01-01 04:23:00,129.5122471733142,38.97938836547761,1.1701217271104303
2024-10-20 11:47:46,249.98620242834045,86.0750259246501,9.19271661166022
2024-01-01 00:44:00,120.42956019265145,28.77128467957028,0.2797520052357753
2025-01-13 01:45:58,373.2944408195192,110.07757490742348,11.619689447938686
2024-08-21 04:49:57,330.70601214283994,96.78745497044041,12.728095732903373
2024-01-01 02:38:00,126.17393005594703,25.708211099093933,0.9971568405662886
2025-01-30 01:56:32,346.35038327386843,164.5452753049987,10.180080664046248
2024-01-01 02:15:00,180.9986881003508,32.362987412065216,1.2514727890881054
2024-06-01 04:01:54,471.74714526924254,131.9163866866768,5.756997273097875
2024-01-01 03:13:00,125.08522442576023,23.616257120898453,1.1270601327859628
2024-01-12 06:08:00,509.9550474536654,160.45002124935425,11.246140481145316
2024-01-01 04:43:00,125.24369002346302,35.22080438534536,0.9426342254908509
2024-08-12 20:02:33,378.5175481675334,131.19831408961994,8.878260899169312
2024-01-01 09:50:00,151.43132474438784,30.5268775307298,0.36237672173661506
2024-02-19 10:30:53,382.0115214553537,179.76767885999746,14.680658120507589
2024-04-01 10:08:46,397.6589749052017,115.48896943827518,5.143814460720851
2024-01-01 07:42:00,136.0054898401483,35.74382850186052,0.1470590402565957
2024-01-01 06:37:00,177.07744748330825,33.20421430633505,0.8241766790182531
2024-08-04 06:04:03,360.66910514943623,136.63691076080238,13.026403123529297
2024-01-01 02:20:00,154.5491986920826,20.795628843341774,0.9487541128513683
2024-01-01 02:43:00,133.5863536329658,29.51970050137675,0.18588947795493543
2024-07-25 17:58:48,528.9822606390917,201.26575180015075,10.192245707802051
2024-08-29 14:10:41,300.85932841172223,96.94111486755668,11.068469555401391
2024-01-01 00:49:00,114.73919689274533,33.48103182406709,0.21118711658458122
2024-01-01 06:02:00,147.82479703086284,30.98260584850735,0.5278459016863009
2024-04-09 05:51:59,388.43850634275856,157.07283488557593,11.996395696221217
2024-07-16 11:57:03,404.7946104213063,191.89270826485793,13.809730056396575
2024-01-01 06:20:00,133.20556315638447,33.92900079325416,0.9992557362673182
2024-01-01 05:16:00,163.6390594258993,33.0394825485827,1.4785376353343116
2024-09-16 23:47:20,476.2509307130596,71.19584729152658,7.201113259047531
2024-01-01 07:11:00,109.21535644479799,21.657079630612053,1.278706993508532
2024-01-01 02:01:00,131.8122509041052,21.449158036716874,1.2444295918876682
2024-01-01 09:52:00,159.57959651492783,26.99316178024393,1.2466889194063187
2024-11-21 20:52:53,356.58609602127825,166.86346442457824,10.573371695730081
2024-01-01 06:58:00,173.58594368127652,28.3982634590284,0.3582667543870951
2024-01-01 08:10:00,149.84054717366766,29.641993702929682,0.4154437019317291
2024-01-01 00:18:00,131.83951848957577,32.40504615868357,1.0345698590080585
2024-07-01 06:09:13,345.98573800204946,121.13049786650987,11.09697425152616
2024-08-28 02:48:28,475.00561101012465,104.06946844989527,10.726072328820225
2024-01-06 09:40:25,260.1174421409455,107.15785281403805,12.499777984520708
2024-01-01 07:41:00,150.70527103943456,15.757286896849623,0.782599671142738
2024-10-09 16:52:31,409.85638454275886,140.63920563572074,9.157751035233218
2024-01-01 04:08:00,185.30908480562192,26.81130007874342,1.1028527432877553
2024-09-03 15:20:24,444.8735558352991,176.01800370144556,7.1871561299792734
2024-01-01 02:25:00,165.63645743554622,26.371280934232672,0.3049235890271488
2024-01-01 07:27:00,131.20240427345288,22.118039215078753,1.0197372187739953
2024-04-12 01:25:16,278.9028485909738,98.26908168515345,13.213883629006943
2024-01-01 08:51:00,116.7695987546208,32.109603771176424,1.1808174668339866
2024-08-15 03:52:18,497.37268166603974,174.63084599084567,12.873870267523328
2024-01-01 00:25:00,152.21845179419734,27.443921617844076,1.3079159085605199
2024-01-01 03:36:00,134.54349570924856,31.335251329346296,0.31006813057157795
2025-01-16 23:31:19,273.26912455956085,168.89625111521508,9.850946599795401
2024-04-03 05:49:42,482.6036963473326,78.85649663973933,10.97155305990302
2024-01-01 00:59:00,169.51090254244718,29.278197940380288,1.2204991109513061
2024-01-01 04:04:00,125.99407185888447,30.83226104106528,0.8171106891377442
2024-01-01 06:54:00,156.64628023959185,38.67981901582625,1.2757231998898642
2024-06-05 18:54:01,403.4881957097963,189.49338066356407,10.409050038380808
2024-01-01 08:28:00,150.97043255889653,26.881155196520975,0.74721378540085
2024-01-01 09:57:00,130.42472568435386,32.76244977208574,1.2502916567946603
2024-08-08 04:07:47,368.91852375288914,207.93996919571705,12.151001612837
2024-01-01 03:58:00,136.76427070463225,34.92161199238292,0.9913375550340902
2024-01-01 08:45:00,113.90235798670962,24.26827303490656,1.3289621094128572
2024-01-01 06:05:00,141.9755905622833,37.200586077247365,0.6156333427095876
2024-11-09 06:14:38,452.7396534745924,182.45586217966368,6.536910428442045
2024-01-01 07:08:00,171.16848973699175,33.06758986365208,0.46301546241208325
2024-01-01 08:15:00,160.77820087369318,29.59641709945709,0.26067642061690444
2025-01-15 19:23:36,373.76842267896654,118.64937337654413,7.293657770376724
2024-01-01 08:48:00,155.19445003442965,29.679308267035037,0.43431469593415495
2024-01-01 00:07:00,165.34869458305818,23.776726483442914,0.3968627758715173
2024-01-01 03:27:00,160.2757190182442,27.606256891682612,1.2221519566361854
2024-01-01 00:21:00,145.4844739902693,32.35734178567998,0.7324747502321207
2024-01-01 03:28:00,160.30095372612095,36.278780627867604,1.4434073020494467
2024-01-01 05:34:00,169.502394668355,32.200072250266665,0.9908078955709472
2024-01-01 06:44:00,140.99869057041514,33.49111656806795,0.9375154116892342
2024-01-01 07:05:00,177.37263115064698,32.18161834837016,0.8253102727343415
2024-06-09 12:58:54,378.83881269515115,172.05905100958094,5.317437653729886
2024-07-14 06:10:46,370.4311731165093,193.88610847014783,11.543420054927196
2024-01-01 06:24:00,134.81734676892603,29.981987304547157,0.8849241321826392
2024-08-25 22:59:18,383.26225010043777,104.04823859365376,7.415006279928335
2024-04-06 08:59:20,495.0143510769251,101.17150296343365,5.640063466086209
2024-01-01 04:37:00,137.9956624568241,31.118939758194493,0.8424229865488215
2024-04-21 05:56:24,164.76890922685757,128.06850814037597,14.956311094988834
2024-01-18 11:36:37,440.0875335951876,116.86011900879015,12.324010490583792
2024-01-01 09:23:00,143.47952935664318,21.773006265215542,0.3828219357634859
2024-01-01 09:02:00,160.59608355830565,29.249722064837368,1.1858565912954584
2024-09-11 09:37:35,447.4845377824689,143.7640728825333,7.1163589856986125
2024-01-01 08:14:00,180.46248154539313,33.6632003860779,0.8327472759241129
2024-01-01 07:36:00,147.85939280090884,29.872229645042772,0.4807296165800834
2024-01-01 07:17:00,122.39797083570217,22.6781255989509,0.2128421192599745
2024-01-01 07:24:00,123.91060998990294,29.136863500295902,0.9543152092686977
2024-01-01 01:47:00,153.49155625663678,38.77397090992182,1.4117409522434878
2024-01-01 00:29:00,144.16612500413447,35.47095759235474,0.9987601006205723
2024-11-03 18:47:05,463.995352155364,135.83837156235904,13.587642793494721
2024-01-01 07:28:00,139.72266165326613,37.38270174862948,1.4392604695168412
2024-01-01 08:33:00,131.84872675916804,32.47840943986302,0.8175037082784643
2024-01-01 09:30:00,150.36836758379104,33.79464294893383,0.2168497189851366
2024-01-01 09:44:00,153.6373251011699,25.051859317148313,0.8836579570937355
2024-01-01 03:16:00,132.32285127597734,29.802224230716725,0.682615597451666
2024-01-06 07:47:36,374.2143624630928,137.357085758918,11.664630475268357
2024-01-01 07:22:00,108.65115799920247,35.393404167156476,1.1717180585875537
2024-01-01 00:55:00,168.62560238232396,30.29609217007244,0.5969948281647122
2024-01-01 09:08:00,157.42291746742617,37.97252531612486,0.9086307122336205
2024-01-01 05:10:00,145.64637593545558,28.461108825234994,1.2787979740460862
2024-10-24 01:15:45,429.57137537584754,160.00800825006777,12.780252431446531
2024-03-07 11:36:11,347.9997935341232,142.75103307127588,5.665647279142228
2024-08-09 21:02:34,362.83061621612853,129.67439209410756,13.247432373470076
2024-01-01 09:32:00,156.53854747528325,30.52100551975938,1.2250449496181492
2024-01-01 03:22:00,171.66102486350553,30.480603884704916,0.8494341840336282
2024-03-03 23:54:25,397.8782992600752,113.12560747498748,13.373670797701507
2024-07-22 05:54:51,501.2566272691761,114.04863806707488,13.044946424318223
2025-01-21 08:35:25,395.8885021129211,134.3194944032348,11.237430848640091
2024-01-01 02:17:00,143.55876967588648,34.91345491972757,1.3068202751816715
2024-01-01 04:01:00,147.70527117066203,33.37409746083302,0.8257712307232856
2024-01-01 09:11:00,146.88645529215842,19.233049431981428,0.6543586617274367
2024-01-19 18:19:27,401.7049318937554,169.51489139484295,5.099787766584494
2024-04-23 16:14:06,248.51082664369716,216.93808361194147,14.609201469288246
2024-01-01 01:30:00,151.9415509869608,28.1951691709046,1.4894769030217254
2025-02-10 18:45:25,392.75733741566717,129.47145734113658,8.53789158736436
2024-01-01 05:02:00,164.94587210246524,30.143724114674086,0.5002695049348241
2025-01-30 21:08:03,258.1574025434495,192.39745536186487,12.6230262450096
2024-02-07 13:28:17,158.43902753433397,88.75569989777111,13.629968313588721
2024-12-20 18:24:21,422.66302972369135,131.87006363907946,9.439194545063778
2024-01-01 01:09:00,137.0976049078975,35.45753425961231,1.02657486578913
2024-01-01 00:24:00,139.11234550949635,37.965933133196984,1.131623242921855
2025-01-19 21:48:15,359.2829099434001,183.04188685766024,5.623940685982772
2024-04-21 22:03:59,350.18805106124387,137.20609906980624,12.021460961818295
2024-01-14 11:34:55,477.55657604213894,142.43518436891867,10.484191629935626
2024-01-01 04:53:00,166.9920419404205,35.84647795222836,0.7049076361218743
2024-11-25 21:32:51,411.74344095884396,174.18061305421466,13.825598767723474
2024-06-03 16:17:31,508.8526876670921,140.82437023727888,11.590454101322324
2024-01-01 07:48:00,139.38997704778944,27.661493993440544,0.5862806567623797
2024-09-07 02:21:22,434.1755489497348,186.8660044769784,5.664633257762722
2024-01-01 07:12:00,144.61186331110883,31.996115613026397,0.3605419849847883
2024-05-17 14:14:45,387.18937635466875,230.9723849314741,12.927581135728127
2024-01-01 06:17:00,153.66684011476704,17.88060336685522,0.23018689575238502
2024-01-01 09:37:00,165.41730387773933,29.50830186602625,1.0350879983250778
2024-02-19 21:54:35,503.7595637248887,160.61449397598514,12.428814936679391
2024-01-01 04:05:00,143.30997528318102,32.462256320040744,1.0523188908916945
2024-01-01 02:08:00,151.99302730175282,27.301201598453193,0.21328699627175304
2024-01-01 06:07:00,150.2518480156359,39.004702164554075,1.1108993134838319
2024-01-01 03:02:00,128.58215003877774,31.900989255029817,0.5287550691012564
2024-01-01 01:26:00,168.30804235404148,28.798373009209325,1.3980489472712336
2024-02-02 09:44:14,347.6986929080944,95.36177155197862,11.195262000363034
2024-07-04 21:36:03,249.45207636018887,173.37651921889938,5.083636818768571
2024-01-23 03:51:12,512.8745903797017,125.9830573704518,13.038145451934467
2024-01-01 07:13:00,164.35084511591924,33.2359796985137,1.2237006337139946
2024-01-01 05:50:00,156.2181513119601,28.79381971071835,0.5975383961600351
2024-01-01 02:41:00,165.74169207484903,30.610049073226808,1.0102815293574148
2024-11-01 23:03:07,490.08402006177346,177.73915647655974,12.643533864364274
2024-01-01 09:15:00,141.76246067755065,35.04908544671317,1.0742587654363234
2024-02-10 11:03:59,573.6754173998252,117.56569955158648,11.16300485925724
2024-04-09 06:08:52,440.89620796199847,99.59340939309679,7.4153684170168175
2024-01-01 02:42:00,173.17191158014808,42.800422691343975,0.3128347943801073
2024-03-28 14:18:46,386.95464288449887,158.29069317595776,5.191448679968367
2024-01-01 01:52:00,151.20460419882053,27.275404565955252,0.9408320667048642
2024-01-01 07:43:00,154.27959821468443,21.301431106109504,0.18771448483749634
2024-01-01 04:42:00,181.72033632290703,27.55280278740889,1.4719584611023908
2024-01-01 03:14:00,153.46361851702363,24.594717297958688,1.1770268510978756
2024-01-01 00:04:00,145.3169325055333,32.067174516118506,1.2468644031975062
2024-01-01 02:31:00,156.9289641899395,23.24157697191833,0.8693413502530237
2024-01-15 15:43:05,338.1697865741113,133.46139355506895,9.54764342552661
2024-01-01 00:09:00,160.8512008717193,37.480221557445915,0.6754398577293865
2024-01-01 05:59:00,133.45538112895355,32.23854280008658,0.6151170518229182
2024-01-01 04:41:00,163.24261349042092,27.345656135398396,0.5099508513813507
2024-01-01 01:12:00,149.28347921780096,28.286562029598258,0.7512878571972054
2024-06-25 05:47:48,292.3216255802601,104.44667528876923,9.91095729383165
2024-01-01 08:29:00,133.38099767177926,39.570156769333934,0.6764717582183118
2024-01-01 04:09:00,158.0996342192191,27.345015224990913,0.20091807039814272
2024-01-01 09:38:00,120.42827508440317,25.057044464245415,0.988539782555518
2025-01-10 14:53:09,267.00064095714606,197.700300499119,12.587153211639208
2024-01-01 08:56:00,132.79173269432096,35.947352444623206,0.8541825171337999
2024-06-12 23:25:22,415.23997438232533,110.2260250156595,12.892928483196856
2024-07-31 04:36:12,258.47392760887055,85.73691597045283,5.6701653775121
2024-11-11 00:14:32,253.54936825148346,159.22803622874733,13.908555349831467
2024-01-22 00:45:01,274.32990783452004,174.2689223654473,5.883849469845187
2024-01-01 09:47:00,133.00311261070416,28.876834250014877,1.346361274224923
2024-05-25 10:03:54,435.8173540648222,274.39674224021445,6.877224056922521
2024-08-22 17:38:37,351.00501002876496,101.55312282876875,8.725332737595508
2024-01-01 02:16:00,134.33493415327527,31.28014867156938,0.2855345418385878
2024-01-01 08:11:00,179.59888277780053,29.813888817450792,0.4513533258764172
2024-01-01 06:09:00,134.53980432289066,22.84612448940976,0.9302620678614978
2024-01-01 07:51:00,103.96157670528831,32.385204136115604,1.0293055606458248
2024-01-01 07:39:00,126.04244214822303,28.14692833956947,1.1873947797372537
2024-06-27 23:20:36,349.8626220328028,163.75151526199542,14.416919866580306
2024-02-25 17:45:09,368.65934807649427,153.5463036384575,7.688535143821936
2024-01-01 03:29:00,227.05462981309444,25.52696348890248,0.7829956614969074
2024-01-09 17:07:43,544.0408945208683,172.88229766856577,6.966535849529587
2024-01-01 04:11:00,168.35723894109552,27.222614404198726,0.11695186532884244
2024-01-01 03:05:00,164.28000988184183,35.40390362777311,0.69651673744652
2024-01-01 01:22:00,179.55788089483033,27.37739866860113,1.1586286604533444
2024-01-01 08:13:00,132.77431597343474,30.259729429036497,0.8857119035955349
2024-12-24 08:10:19,271.84273504822653,195.60596154085067,7.342033709263341
2024-03-20 14:08:49,488.0767707998857,177.8215103026311,5.6725591396736785
2024-01-01 03:47:00,128.4451044414139,27.385699864233658,0.5415696540472178
2024-01-01 01:44:00,146.7742857666798,22.216854132380483,0.46835759787517994
2024-01-01 04:47:00,161.76634412969153,28.203539546064704,1.0190700502641037
2024-01-01 09:29:00,142.96973031917383,34.267077793901535,0.9614172350977228
2024-03-11 05:59:41,408.6847764621219,111.84242322413421,9.64238519739225
2024-01-01 04:28:00,141.19911026606033,33.29272136336415,0.5136226884683883
2024-09-03 13:13:14,433.92488355712715,139.93844455822017,11.595107686407701
2025-02-11 11:17:38,536.849069806554,91.2989893699024,11.736454174749078
2024-01-01 04:58:00,166.2572423767792,36.03254483254179,0.2701019268212853
2024-11-15 02:49:27,336.9772998473409,183.5576200187845,5.389793206611304
2024-12-14 19:32:43,348.6814723821638,185.60793644499148,7.752882134518602
2024-01-01 09:39:00,172.87508086413857,24.482053413921143,0.332336853414099
2024-01-01 04:03:00,167.31510388340243,31.912048730920255,1.1324072762100799
2024-08-06 18:15:32,422.41289270556854,168.48243573007585,8.827987644363878
2024-01-01 04:52:00,138.21270486111578,35.33337344794577,0.6210338333725186
2024-01-01 01:58:00,172.8564562903004,28.18193893893072,0.39191472010027006
2024-01-01 09:09:00,137.9202962656836,25.76519325840836,0.9884153845704252
2024-01-01 00:27:00,157.51396036691344,29.37106539950176,0.2340003777282264
2024-03-10 09:27:03,338.98201771470286,211.5172767365021,14.213075122129755
2024-01-01 02:26:00,125.26098578243835,30.93383382238539,0.614548191208144
2024-07-15 00:58:23,565.9266135799978,149.77615924683815,13.254156641239481
2024-01-08 03:31:32,528.977650260434,185.29332249293637,9.6630975614017
2024-02-29 14:55:53,372.0546563105442,150.7846663077596,13.588167711681546
2024-01-01 01:43:00,133.9544546155676,22.957693518182204,0.52437969832346
2024-01-01 01:02:00,127.87330051987944,29.836233648920008,1.3321107225860416
2024-01-01 07:29:00,128.81572956222098,36.90045677073726,0.19654122289898965
2024-01-01 01:54:00,146.15278070437756,29.81182648787576,1.3871487625001844
2024-01-01 02:28:00,160.43883131233795,26.942410985040258,0.1361366697292818
2024-07-18 07:14:32,328.70462196677704,160.63512918608194,13.035376594626033
2024-05-08 02:53:57,414.7079635802956,170.5701902407134,13.860934353132082
2024-01-04 12:39:45,398.5032994843282,194.69595263609844,13.044140596774733
2024-01-01 03:52:00,150.91143679807627,24.97929616623966,0.15379688854725498
2024-09-17 11:29:29,556.6677963376475,183.96408442972574,5.949179368216697
2024-01-01 08:18:00,132.48763493230484,34.581638373512405,0.19473570666000223
2024-07-01 07:46:04,440.4376127333301,143.02582968388657,11.22630533598658
2024-01-01 08:12:00,151.54736615295238,33.6381477181849,1.290862480977593
2024-03-08 07:49:29,521.7052841537961,198.15537748675266,9.543454230676552
2024-01-01 05:41:00,154.87374422983825,34.36228664140072,1.4885339318891089
2024-10-24 10:52:24,395.6084799506971,108.82513967271714,12.56730167068568
2024-01-01 09:27:00,129.8382737816519,32.8195456002618,0.31294599651118205
2024-01-01 06:46:00,128.6475914123481,34.47596610013866,1.4976865159501296
2024-02-23 04:00:15,464.56980773098485,172.58423703574402,14.972378999036026
2025-01-05 14:29:04,391.4158284796617,229.8266995913586,12.608513309307817
2024-10-16 17:56:49,389.25530068235616,167.46954206934038,6.698810060507353
2024-01-01 08:25:00,140.25749232470608,24.800470364372345,1.4239774058003953
2024-01-01 06:55:00,135.03026926886892,30.989553917313238,0.6373661327062615
2025-01-03 17:43:08,312.7680738045723,206.78412018054547,8.754689284665004
2024-09-30 00:23:05,384.49390889817573,160.85981243302592,5.519893519777074
2024-03-18 20:28:59,478.0158103825944,85.96384086093937,12.187396178535302
2024-11-05 13:05:10,479.8648718518368,144.42214897276003,11.30247219456158
2024-01-01 02:18:00,166.2703443473934,38.32737222231288,1.3918600667187522
2025-01-10 16:49:29,538.6011999588073,137.17329497771235,5.31149092793391
2024-01-01 00:41:00,153.4273656237994,38.34510762644696,1.1046368719214468
2024-01-01 03:51:00,154.3291717916395,25.40674026757901,1.2772202111962916
2024-01-01 01:46:00,187.7237180242106,23.597853237518585,0.22269984546937394
2024-01-01 05:20:00,151.93991929985435,35.36815874929886,0.28442028283638665
2024-01-01 04:27:00,121.39717244078734,31.672283949935125,1.4550040487830427
2024-04-27 16:02:09,620.7728031128862,135.21892284666566,9.650095175264276
2024-09-19 04:54:24,382.1227214102518,167.53902955238908,6.938630679368927
2024-07-23 10:13:27,377.11966224959116,134.51601190102397,10.767023988577563
2025-02-24 09:25:56,420.2991729195659,170.0266288552484,7.414964852568678
2024-07-27 20:33:10,398.84381832973764,206.8947944679403,7.7194603941844875
2024-01-01 02:19:00,125.3827136713209,35.07185032509065,0.7818866863465102
2024-01-01 04:24:00,144.9486369721368,26.93605654757807,0.4710649996550056
2025-01-04 13:22:19,391.5241316556691,135.71883196773564,13.066650530268165
2024-01-01 01:37:00,155.2211054435978,23.744432118073483,1.157378588695531
2024-04-03 02:56:36,343.327458647163,178.79031768592728,13.361177032072488
2024-01-01 00:43:00,143.97792608821422,22.48428523440947,1.4877583911830636
2024-01-01 00:00:00,159.93428306022466,33.78494308322676,0.16077754599674682
2024-01-01 06:06:00,154.48184963620832,26.61803848970365,0.7280548833363595
2024-06-06 21:09:27,476.2299637762351,137.29139612975064,7.223613047481702
2025-01-01 00:25:53,226.1864363188771,151.63676701582884,10.150056597097231
2024-12-11 22:03:43,411.4354475810965,185.50621703495344,9.323462264033473
2024-01-01 06:56:00,181.02303951045047,26.74290998192776,0.9006211797180611
2024-02-20 15:35:24,509.89268361303664,125.34554367842091,8.542713272172158
2024-01-01 06:23:00,139.48489956638477,29.7614432192901,0.8860784231433332
2024-02-19 06:45:05,412.18838976269774,177.58831220980778,14.379652314338943
2024-01-01 09:24:00,174.0242784432789,35.1128521600482,0.35791477493323653
2024-01-01 07:58:00,211.57761616910477,37.503798953171554,1.1231493509730217
2024-01-01 06:03:00,158.03423444197884,33.54501878794256,1.3273110665594807
2024-02-18 16:02:57,397.03705623612706,157.38962315582899,11.314189212183763
2024-01-01 02:59:00,204.40338333179238,33.10336048775339,1.4953755953941674
2024-06-27 11:30:32,499.115708235155,147.51235932002757,12.374260857706773
2024-01-01 02:22:00,117.85033530877544,26.875907111521606,0.34477407816457756
2024-05-15 18:17:33,362.00770747019806,162.01897438443314,10.026312426301304
2024-01-01 07:46:00,162.2833340008685,23.526592621395473,0.8453889551853039
2024-01-01 09:26:00,109.23750929644292,36.921364092552594,1.0160095732549466
2024-07-01 00:19:03,416.09277246982714,144.08878724730113,7.923831104121931
2024-03-03 00:34:05,325.16490383643236,150.89863571248185,14.411208125336735
2024-10-05 14:09:37,443.7386854561104,187.0486160896637,14.207666084633573
2024-01-01 02:50:00,132.20971140748952,33.538759677277376,1.477150495368779
2024-05-15 10:43:50,511.65470486319646,106.56699484459259,7.022541805245349
2024-11-08 12:31:31,466.0078611734108,113.3523233807503,7.685621674536426
2024-01-01 01:33:00,143.44675706804463,33.07967803472132,1.2788466121269897
2024-06-22 12:25:49,416.77275322197005,194.9741343948201,7.86519548927123
2024-09-19 04:20:07,374.47568514667057,167.03548824772145,11.284264566145872
2024-01-01 08:17:00,146.19322643832783,20.00899657733946,1.1119400244918773
2025-01-06 18:00:10,439.7359378589217,147.13602992567732,8.26639249425911
2024-06-18 12:46:41,421.004906320154,169.98740441211734,7.783684816626566
2024-01-01 04:45:00,110.95824400954996,39.23353662868017,1.147302451201345
2024-01-01 08:30:00,155.40913651559677,29.046587996183266,1.0113628540113357
2024-10-03 16:30:22,283.3958800428056,211.337348051853,7.062521138361526
2025-01-11 00:12:52,279.76237372838773,173.00820064426264,14.976282974021565
2024-01-01 00:01:00,147.2347139765763,25.389173379111874,0.9864119258316312
2024-01-01 04:31:00,121.2827569764112,26.00851377730773,0.6347154955140542
2024-02-17 00:52:42,380.3150009496041,213.22162746273494,7.195539232298019
2024-01-01 07:52:00,119.69617875602896,30.384109455301278,1.4487522078989705
2024-01-01 02:35:00,135.71297163947264,43.161910324186955,0.8085986079763416
2024-01-01 08:16:00,129.25507691347087,30.393175951580453,1.304195570689209
2025-02-03 20:29:51,422.8443259886126,95.89318856625863,9.422938054511352
2025-02-23 03:32:55,412.78851135979204,214.68850299874495,9.839893681797472
2024-07-17 18:06:18,386.54849451321684,127.66792984215877,8.230273457540939
2024-01-01 01:50:00,111.62457569401917,31.05508733601309,0.6557741239039967
2024-01-01 07:53:00,177.33748534889048,23.58503887905715,0.8842354568465787
2024-01-01 05:14:00,176.10957614308657,29.523522338065238,0.3484002772575896
2025-02-11 22:19:39,383.35065141819683,177.45273827826804,11.567294847216079
2024-12-10 03:31:22,335.2317184062683,181.33562037130383,13.218309465853594
2024-09-26 20:23:19,480.0836874053713,84.2724475538333,6.613628010553837
2024-01-01 04:38:00,151.39604169980038,29.91788551963624,0.15873171280429077
2024-01-01 01:48:00,155.15100781445528,19.59035296058139,0.8753231369973267
2024-02-09 13:43:58,441.29426296919667,113.03067422926782,11.486389567688155
2024-01-01 05:27:00,165.8332538792587,31.886059375322603,0.8591320876885875
2024-01-01 00:57:00,143.8157524829757,29.879374564449982,0.8266837072715785
2024-01-01 04:32:00,173.26327504309918,23.103403859927365,0.3879621670737772
2024-01-01 08:00:00,147.44164817038467,28.256739327960705,0.45914208742194695
2024-01-01 05:36:00,133.49005606414977,24.893835914346433,0.3241002889364022
2024-08-03 15:50:20,287.4946029062533,142.39843859994022,11.056378893234115
2024-01-01 08:19:00,122.34400538071327,31.732442379489964,1.090969136121676
2024-01-01 04:35:00,159.2420694852654,38.97278931758894,1.184487292892903
2024-08-30 22:15:56,379.2876021036738,208.09870137882982,5.21913328775009
2024-12-11 06:17:13,450.7777174849416,115.21347674901222,5.704919456431447
2024-01-01 09:16:00,140.24787551855013,26.559248274111383,1.2105658906135561
2024-07-05 16:46:41,428.1158566033266,146.66248120838557,9.551719917336564
2024-01-01 06:27:00,187.52341678431773,34.386811452878355,1.2269845995530777
2024-04-05 05:58:11,362.77516345759574,89.28505013276762,12.481839120488463
2024-02-05 03:10:39,399.2559743089108,140.62368798734713,7.107931015500286
2024-01-01 08:06:00,137.06854231514947,35.151417270159214,0.9519381817750531
2024-01-01 09:55:00,139.79967202290507,32.202373689801995,0.5400901584572477
2025-02-26 15:33:07,435.3552519655527,202.8521612909205,5.7410542257486705
2024-04-11 12:33:30,425.5339608335344,132.83022318805354,7.043163833989703
2024-02-27 04:50:40,401.5079698355878,190.3005475934769,14.971823539029504
2024-01-01 04:46:00,146.96429809928833,32.91964092662982,1.2364777033261927
2024-01-01 02:06:00,130.18927349738624,30.092169665326967,1.2060426108298858
2024-03-05 07:41:07,387.8981373077191,81.70568169628213,14.291395200154627
2024-01-01 05:07:00,138.1685722232834,33.731267830136105,0.4531374282427062
2024-04-28 08:40:54,332.54027237470467,109.39623232688525,14.598628027134552
2024-01-13 09:45:51,455.75635236085884,192.07790470891675,7.646350269253573
2024-01-01 04:14:00,119.61260068091974,37.102521239949276,0.5945519719028898
2024-01-01 05:48:00,135.63111557495128,29.77206991822251,0.9623796303642506
2024-08-18 21:30:18,463.47909764417705,199.43128767288616,13.904095172193285
2024-10-02 01:53:50,443.702739840296,219.55598655190317,11.92358922461058
2024-01-01 02:56:00,150.26003783755814,26.364314120875658,1.0690258783717845
2024-01-01 01:15:00,166.43805008750448,26.110916562045624,1.4406753983075322
2024-03-03 20:34:29,406.0346911121274,169.9288699398714,8.910328691273985
2024-01-13 21:31:01,418.6572905010801,181.62502396651075,8.211621526359535
2024-01-01 06:26:00,156.8351195155432,37.51699150883575,1.0470551121169072
2024-08-09 14:23:21,529.2300551575554,125.293924182626,13.953460891531693
2024-01-01 09:03:00,178.83137241315802,30.627882267357712,1.4502673154611363
2024-01-01 03:25:00,131.24349920169755,28.454139382656802,0.437682040639358
2024-01-01 00:05:00,145.3172608610164,39.38397906279033,1.337889048687771
2024-01-01 03:04:00,145.530744293483,32.7989522396552,0.8378580494763123
2024-06-23 21:26:05,407.1664545004199,211.34910839665997,10.968518768877594
2024-08-24 08:51:16,500.9537200571193,174.6802379830679,5.389380166876656
2025-02-14 07:17:46,450.8334424167381,165.62783683712576,5.845653780972379
2024-11-19 05:02:58,294.39819910234354,233.58154886779093,9.11958095034102
2024-03-29 12:56:23,449.7257511884841,63.866283205150225,8.12777989210354
2025-02-05 15:35:46,370.654047054825,199.44522887224872,10.383319432557133
2024-01-01 06:45:00,162.45699864694998,31.967426927108747,1.1299283599348657
2024-05-15 07:06:03,476.25000363008695,151.31187981646346,10.003594462155606
2024-01-12 11:57:10,395.14713489483034,142.36384833090804,10.356565993475787
2024-02-23 06:10:53,406.1481506367015,124.09832777459363,10.417609642675632
2024-01-01 03:56:00,109.49714826684786,37.75250246407038,1.0230954910880958
2024-04-27 23:38:38,453.8058960962185,113.97517061408524,13.141256855911617
2024-01-01 06:51:00,127.50715816324262,30.987998023461998,1.1999122653123249
2024-01-01 07:30:00,148.74641805453658,26.872186492452354,0.17987660961175606
2025-02-26 10:16:23,336.3179314557209,150.76591109663008,11.886316293078757
2024-01-01 00:52:00,136.46155999388083,28.655556547225846,0.3686142546062401
2024-01-01 03:39:00,151.63748278772644,35.32740187532676,0.7664253811162731
2024-01-01 01:59:00,165.0386606537355,29.715271881394663,1.4028333005014828
2024-01-01 07:01:00,185.10681684886407,27.131499980307105,0.1366753919448907
2024-01-01 03:10:00,141.06970095865958,32.14809109566293,0.6148630912282054
2025-02-10 22:51:02,438.1086215484975,149.05791396503048,13.973658657909318
2024-01-12 17:11:05,384.40733757178555,105.33902240205364,8.419052781054903
2024-01-14 15:05:27,270.69515132507297,127.05592908412396,12.483558536657398
2024-09-02 07:51:22,441.04683360778347,119.66018661199722,11.908839765508228
2024-11-21 22:21:13,511.3972240051463,185.475495603892,6.40324518193515
2024-01-01 01:11:00,180.76073132931938,19.63304883795925,1.1229107143349446
2024-01-01 09:10:00,151.731795749458,25.043038252718464,1.2170798234622517
2024-01-01 02:11:00,151.37125949612056,25.10813611192484,1.0729315244634463
2024-01-01 05:09:00,145.95614695132213,40.8162736165273,0.744755296183796
2024-04-23 12:32:21,380.88543206642447,188.61589938364682,10.844489097574261
2024-01-01 04:29:00,152.61481154572184,40.05102269383175,1.1769124069733872
2025-01-30 11:34:28,459.8328204894027,181.15746014048457,8.252906183617478
2024-01-01 03:07:00,148.54342174686255,32.29590039614219,1.3412459013366533
2024-01-01 09:48:00,166.60671633088492,32.75026049512276,0.21116921850024134
2024-01-01 06:29:00,138.46192688675194,30.134429194972654,1.255069174252087
2024-01-01 03:48:00,135.69392581480065,27.899065914520712,1.063388588521159
2024-07-14 14:52:27,456.6643077760851,123.99904262372408,12.051391455705634
2024-08-24 08:14:33,424.6440431603282,177.9531368081014,5.2242588916205515
2024-01-01 08:07:00,128.3690399277121,31.193945795132567,0.5893089209215463
2024-11-26 17:26:51,391.23121568593353,117.66937113436295,11.363742815333744
2024-01-01 03:43:00,117.74568257620697,28.185807197801704,1.1990231613718796
2024-01-01 05:44:00,140.57923388763354,39.23318498023833,1.2200993561788234
2024-01-01 03:06:00,159.4647524914709,34.16961077274452,0.2829945274362793
2025-01-04 01:30:25,535.6040832344602,146.9619590542991,11.964298070361073
2024-09-16 02:26:18,311.54362652112513,163.90705934153345,11.323913243283874
2025-01-03 23:28:26,466.3579873545399,190.7064586737401,8.549246608770101
2024-01-01 00:17:00,156.28494665190547,33.62883311949346,0.6932335551082679
2024-01-01 00:47:00,171.1424445243783,29.72852566741094,0.9097416838089727
2024-01-01 03:46:00,151.28560038190926,37.89786072865356,1.2016647407574133
2024-05-27 10:12:40,413.4923737573382,124.02507846714296,11.483180074520956
2024-01-01 05:26:00,173.16221747000137,27.205390763642058,1.125922162672751
2024-01-01 07:23:00,148.21759920974424,29.807457652496463,0.32247143473709494
2024-01-01 03:30:00,161.41781021386333,29.065641779193204,0.25363067814850493
2024-01-01 00:37:00,110.80659752240449,30.36658983594202,0.2910156535794264
2024-01-01 07:07:00,163.7210291999688,30.600156633591308,1.4169509431614766
2025-01-12 07:47:25,309.8586024872156,142.6721352511845,11.989488284873856
2024-01-01 07:26:00,157.33196492193696,33.261614392067095,1.151925120440664
2024-01-01 03:20:00,157.15574720696566,34.69141902987999,1.164405752370989
2024-11-13 09:04:14,460.8044770951682,204.91393898706121,6.4284196481433185
2024-12-21 19:27:15,304.48599948807555,171.38022593922202,8.683472137943513
2024-01-01 01:21:00,157.14225143023492,24.354741143913856,0.7305193107614592
2025-01-02 15:23:44,417.05573025901515,157.58824670441584,9.742550209769536
2024-01-01 03:37:00,145.26362786519982,34.44815397811718,0.554546297646084
2024-04-27 19:24:27,449.2293987210443,139.4843668316693,10.056341534219587
2024-01-01 00:39:00,153.93722471738246,23.52460613968192,0.6660462753460089
2024-01-01 06:32:00,123.59533585958715,28.764113087397014,0.18197130094157088
2024-01-01 00:31:00,187.04556369017877,37.64775159730307,0.865376377799698
2025-02-14 21:57:39,451.0440881152606,159.20283036765608,5.33676403874464
2024-01-01 08:44:00,134.73481686914965,38.16715766150548,0.38683378381099753
2025-02-07 02:19:06,405.6041730490545,156.93366657481633,7.295981607539686
2024-01-01 08:22:00,122.02864852361718,40.44187352390364,0.741620898140119
2024-05-31 16:33:35,392.9309632635732,116.78222373773738,8.245118001753422
2024-01-01 04:30:00,178.82546578132232,29.11526386252975,0.9745289963959692
2024-07-05 07:00:04,324.80775191129084,113.29988715942946,10.928401805081101
2024-01-01 06:38:00,147.70920309494764,27.144105051086015,0.7162785971376867
2024-11-14 03:24:06,489.92901759888105,135.60925416843656,10.931582190394682
2024-08-03 21:54:56,340.4077884154841,152.77377348145,12.791025863957868
2024-01-01 06:10:00,150.49020348517885,30.640522074553946,0.648135977448961
2024-01-01 08:49:00,131.91366749791183,31.6438120515174,0.7317350818533833
2025-02-11 16:28:37,454.23002556247263,216.45880662912072,5.19128966437287
2024-01-01 01:28:00,139.40479592465923,33.554799841017456,0.6590422821330313
2024-08-18 23:11:40,452.47206212238086,156.40072903411152,14.811179078679357
2024-05-13 03:07:28,358.0729281652326,98.30949219577525,13.525474212459706
2024-01-23 08:53:07,389.7169990848855,154.23577812460937,12.087656552291541
2024-01-01 03:45:00,171.77901193934733,37.2669223855885,1.4374685611054996
2024-01-01 03:03:00,159.6494483048637,33.05292872641912,0.9734541708082938
2024-01-01 03:00:00,162.51334695530014,30.888505004666268,1.2395583773084264
2024-01-01 01:45:00,158.08101713629077,33.0300497567282,0.6041909704601267
2024-01-01 07:18:00,115.9323512128969,31.12225909279986,1.1191150297632713
2024-04-14 13:23:45,362.0928522343267,126.09959221233433,12.962414505413685
2024-01-01 08:09:00,167.63279513898902,29.01825075457511,0.31174556022890837
2024-01-06 03:23:45,486.08057108788785,124.34052363822761,7.53272383522715
2024-01-01 04:06:00,140.50109377678086,31.44584321953909,0.15834206084333796
2024-01-01 01:04:00,166.25051644788397,26.435771086614178,0.8461409011718694
2024-01-01 02:24:00,155.19765588496847,32.58829510234561,0.6581282388812383
2024-01-01 05:42:00,154.89933142217444,33.251005889793305,0.23884933942210226
2024-01-01 07:25:00,163.39345097660077,34.41829968743336,0.2894957151887597
2025-01-07 18:56:46,400.513781584875,189.15432203127182,7.640619846937188
2024-01-01 01:51:00,149.46972249101566,29.516434440648037,0.7260835567067698
2024-12-03 16:03:56,375.3630776288768,139.13379558695786,13.028109348245005
2024-01-01 05:54:00,149.61967584194622,29.589244108037157,1.1653870640393313
2024-02-19 07:03:06,468.9914777906207,148.05390593718195,6.6735703223678104
2024-01-01 03:57:00,153.72908629538856,25.008229796306047,1.353164836989151
2024-01-01 02:07:00,138.67404540794456,31.737908526808354,0.5265507947372571
2024-01-01 07:03:00,169.43141901908712,40.71135179305932,1.264375861146083
2024-01-01 04:25:00,125.04433636070301,28.061492200320078,0.12932294544327794
2024-01-01 08:05:00,121.55492580804652,32.15020823595535,1.460807461484152
2024-01-01 03:11:00,167.12797588646944,31.038438435815557,0.6797816535404978
2024-01-01 07:32:00,130.28547907328914,32.47015093141369,0.4663879572302684
2024-01-01 03:09:00,119.70305550628271,21.69519533242004,0.37247151654907107
2024-01-01 01:35:00,120.72970103735763,28.452267803430047,0.9730199632038635
2024-01-01 05:01:00,138.7963791960606,28.033305938363196,1.0041351377172885
2024-01-01 00:10:00,140.73164614375077,33.27182828177029,1.2758058240134085
2024-01-01 06:14:00,193.06364915023113,27.769082833926102,0.9674250724437768
2024-01-01 00:30:00,137.96586775541206,21.537676851425903,0.949931650524293
2024-08-31 06:27:14,380.6993876305166,215.70691813023853,13.81690611843508
2024-08-13 11:56:37,473.5323338888001,149.5164420861578,12.517469923958405
2024-01-01 07:50:00,144.4989660569671,29.76539710560408,0.1305527554856853
2024-01-01 06:15:00,134.653048742239,20.552296345272346,0.5976902146179003
2024-09-08 00:29:32,484.48454472528414,78.95059068406721,10.809503798881792
2024-07-06 16:48:49,362.2327537842298,105.99383068113221,13.979191869576658
2024-01-01 06:22:00,107.52208551380386,25.165119284353935,0.9119773023993837
2024-01-01 02:45:00,158.25561853872998,26.48411787437056,0.7437205932770482
2024-03-13 15:25:21,295.294368070471,148.26092200744552,7.11231831472931
2024-01-01 05:37:00,143.57228316694014,33.541782236496765,0.7461804641877058
2024-01-01 03:42:00,163.72520380749026,41.49449061809625,0.7432254757683813
2024-01-01 08:35:00,165.1078245165151,31.824805012331126,0.7429358286357413
2024-01-01 01:25:00,139.96485912830926,33.56499215086194,1.213629945105621
2024-09-13 10:25:15,379.99627883208376,133.16952825275786,11.711574733796887
2024-01-01 01:40:00,121.69258515899172,27.386384897404803,1.1948393227385403
2024-01-01 00:35:00,125.58312700057955,21.725716640671152,0.795473602402837
2025-01-10 17:22:43,334.4593712222802,209.4898462134371,12.592925069184737
2024-01-01 00:12:00,154.83924543132068,31.399843131599102,0.5947899310238053
2024-02-23 03:46:40,428.0504079418847,165.05638104390067,6.594922625413583
2024-01-01 06:59:00,151.35036962820217,32.12082973200958,0.6071296183132037
2024-01-01 00:48:00,156.87236579136922,28.84532734895661,0.4838249331837282
2024-01-01 08:59:00,138.46216260953702,33.50586371155449,1.0194921466140117
2024-01-01 00:38:00,123.43627902203139,23.55019550129473,1.0732023756666313
